1,Royce,Chillingworth,rchillingworth0@zimbio.com,Male
2,Fulton,Hrishchenko,fhrishchenko1@ed.gov,Male
3,Eldredge,Tapson,etapson2@google.co.jp,Male
4,Stinky,Peret,speret3@mediafire.com,Male
5,Halli,Schutter,hschutter4@acquirethisname.com,Female
6,Yance,Skermer,yskermer5@shinystat.com,Male
7,Taber,Mercey,tmercey6@paginegialle.it,Male
8,Nanice,Mandell,nmandell7@prnewswire.com,Female
9,Vikky,Tombleson,vtombleson8@ehow.com,Female
10,Brucie,O'Loinn,boloinn9@youtu.be,Male
11,Launce,Yannoni,lyannonia@mysql.com,Male
12,Tamarra,Bachanski,tbachanskib@dell.com,Female
13,Dylan,Dengate,ddengatec@java.com,Male
14,Terencio,Clyma,tclymad@homestead.com,Male
15,Major,Barden,mbardene@symantec.com,Male
16,Arlena,Ech,aechf@marketwatch.com,Female
17,Hortensia,DeLaHay,hdelahayg@4shared.com,Female
18,Trenton,Boshell,tboshellh@google.com.au,Male
19,Werner,McCaskell,wmccaskelli@eepurl.com,Male
20,Fletch,Feeney,ffeeneyj@jigsy.com,Male
21,Arliene,Grunnill,agrunnillk@aboutads.info,Female
22,Luciana,Braitling,lbraitlingl@icq.com,Female
23,Eba,McGeechan,emcgeechanm@miitbeian.gov.cn,Female
24,Padget,Teasell,pteaselln@nbcnews.com,Male
25,Anthe,Lackmann,alackmanno@example.com,Female
26,Maitilde,McLaine,mmclainep@linkedin.com,Female
27,Jennine,Jacmar,jjacmarq@goodreads.com,Female
28,Christin,Kreuzer,ckreuzerr@boston.com,Female
29,Rosalyn,Corteney,rcorteneys@ezinearticles.com,Female
30,Tudor,Howton,thowtont@example.com,Male
31,Lotta,Penhaligon,lpenhaligonu@earthlink.net,Female
32,Kira,Habershaw,khabershawv@360.cn,Female
33,Micaela,Tinham,mtinhamw@nifty.com,Female
34,Carin,Langmead,clangmeadx@usda.gov,Female
35,Shayna,Jorry,sjorryy@yahoo.com,Female
36,Mercedes,Dorey,mdoreyz@ocn.ne.jp,Female
37,Cory,Mahmood,cmahmood10@intel.com,Male
38,Manuel,Ferrie,mferrie11@discuz.net,Male
39,Christos,Tenman,ctenman12@live.com,Male
40,Neall,Dongall,ndongall13@newsvine.com,Male
41,Ardath,Mellsop,amellsop14@twitter.com,Female
42,Buiron,Osbourne,bosbourne15@gravatar.com,Male
43,Rosabella,McRae,rmcrae16@reddit.com,Female
44,Zuzana,Burnhill,zburnhill17@dion.ne.jp,Female
45,Darrelle,Weatherill,dweatherill18@blogtalkradio.com,Female
46,Marrilee,Ruxton,mruxton19@dedecms.com,Female
47,Trina,Jurries,tjurries1a@etsy.com,Female
48,Ignacio,Dunsmuir,idunsmuir1b@sciencedirect.com,Male
49,Fanni,Jenner,fjenner1c@parallels.com,Female
50,Gonzales,Bragg,gbragg1d@intel.com,Male
51,Matti,Settle,msettle1e@github.com,Female
52,Alyson,Hartill,ahartill1f@unc.edu,Female
53,Conroy,Goane,cgoane1g@yahoo.co.jp,Male
54,Dolf,Gutans,dgutans1h@smugmug.com,Male
55,Murial,Labes,mlabes1i@addthis.com,Female
56,Gertie,Philbrook,gphilbrook1j@mlb.com,Female
57,Haslett,Dankersley,hdankersley1k@archive.org,Male
58,Toby,Pock,tpock1l@quantcast.com,Male
59,Nikolaus,Norres,nnorres1m@microsoft.com,Male
60,Carmelita,Eat,ceat1n@pinterest.com,Female
61,Elsi,MacMychem,emacmychem1o@oracle.com,Female
62,Jobey,Loughran,jloughran1p@netlog.com,Female
63,Gilbertina,Ughelli,gughelli1q@telegraph.co.uk,Female
64,Victor,Guinness,vguinness1r@nps.gov,Male
65,Sheree,Moon,smoon1s@discuz.net,Female
66,Valentijn,Reisk,vreisk1t@fotki.com,Male
67,Otto,Linthead,olinthead1u@netvibes.com,Male
68,Clemmy,Richings,crichings1v@businesswire.com,Female
69,Nora,Andrzejowski,nandrzejowski1w@gnu.org,Female
70,Meris,Dilnot,mdilnot1x@flavors.me,Female
71,Sylvester,Cardis,scardis1y@deliciousdays.com,Male
72,Sharlene,Chevin,schevin1z@illinois.edu,Female
73,Dodie,Kingdon,dkingdon20@apache.org,Female
74,Emmett,Hryniewicki,ehryniewicki21@cloudflare.com,Male
75,Janka,McKinna,jmckinna22@huffingtonpost.com,Female
76,Gwendolyn,Hearthfield,ghearthfield23@wordpress.org,Female
77,Konstanze,ducarme,kducarme24@mit.edu,Female
78,Colline,Siddell,csiddell25@cdc.gov,Female
79,Myra,Bottinelli,mbottinelli26@pen.io,Female
80,Deidre,McPhaden,dmcphaden27@rambler.ru,Female
81,Christos,Olphert,colphert28@ow.ly,Male
82,Dario,Orleton,dorleton29@constantcontact.com,Male
83,Wynnie,Teanby,wteanby2a@123-reg.co.uk,Female
84,Abramo,Ducarne,aducarne2b@nih.gov,Male
85,Ealasaid,Dungee,edungee2c@house.gov,Female
86,Milka,Franceschi,mfranceschi2d@mit.edu,Female
87,Ginnie,Ossipenko,gossipenko2e@webnode.com,Female
88,Hilary,McIlhagga,hmcilhagga2f@nsw.gov.au,Male
89,Aida,Priter,apriter2g@goo.gl,Female
90,Mallory,Candlish,mcandlish2h@tinypic.com,Male
91,Frances,Devas,fdevas2i@zdnet.com,Female
92,Goddard,Brabon,gbrabon2j@harvard.edu,Male
93,Alessandro,Elbourne,aelbourne2k@blogger.com,Male
94,Kyle,Hacking,khacking2l@themeforest.net,Male
95,Teodoro,Kaplan,tkaplan2m@w3.org,Male
96,Victor,Cookley,vcookley2n@theglobeandmail.com,Male
97,Hinda,Watchorn,hwatchorn2o@ucla.edu,Female
98,Rudie,Tordiffe,rtordiffe2p@blog.com,Male
99,Jens,Archdeckne,jarchdeckne2q@apple.com,Male
100,Ryley,Fitchet,rfitchet2r@t-online.de,Male